test,statistic,ddl_num,ddl_denom,p_value,note
Chi-deux de Rao-Scott,24.144045981886965,3.484160925476987,1397.148531116272,3.1162674173082845e-17,Test ajusté au plan de sondage
