"relation","n","prop","ic_low","ic_high","prop_label"
"Enfant",14623,0.560370043210502,0.550576212133449,0.570163874287555,"56%"
"Chef",4976,0.180899246077322,0.176241636191754,0.18555685596289,"18.1%"
"Conjoint",4269,0.161229692129848,0.157308425522324,0.165150958737373,"16.1%"
"Autre",2665,0.0975010185823276,0.0885570885755456,0.106444948589109,"9.8%"
