"zone","n_menages","moyenne","mediane","ecart_type","Q1","Q3","min","max"
"Rural",3384,6.5343487630512,6,3.85897484136904,4,9,1,33
"Urbain",1592,5.38597800332958,5,3.29613866200606,3,7,1,27
