"moyenne","mediane","Q1","Q3","min","max","ecart_type","cv","skewness"
23.1810551239946,17,8,35,0,130,19.3074088580815,0.832896033196372,0.998973810122129
