"moyenne","mediane","Q1","Q3","min","max","ecart_type","cv","skewness"
23.9830176601273,18,8,36,0,130,19.7308246881397,0.822699835681772,0.998905987949871
