secteur_residence,n_menages,moyenne_taille,mediane_taille,ecart_type_taille
Urbain,1595,4.744200626959247,4,2.9269262074253706
Rural,3385,5.610044313146234,5,3.4296052580680714
