secteur_residence,n,pct
Urbain,7567,28.49342922769891
Rural,18990,71.50657077230109
