sexe,n,pct
Hommes,13189,49.66298904243702
Femmes,13368,50.33701095756298
