sexe,n,moyenne_age,mediane_age,ecart_type_age
Hommes,13189,23.351201759041643,17,19.77085372640695
Femmes,13368,24.606373429084385,19,19.67211352007356
