groupe_1,groupe_2,n1,n2,W,U,z,r
Urbain,Rural,1595,3385,2303176.5,1030366.5,-35.259285112913766,0.4996418771041646
