"n","mean","sd","median","Q1","Q3","min","max"
724,0.663117229281768,1.13106769762308,0.253869,0.09239275,0.71393,0.000462,9.6573
