"n","mean","sd","median","Q1","Q3","min","max"
1066,0.45037230206379,0.716151708893335,0.200265,0.068675,0.5162075,0.000462,6.2219
