"milieu","N","Médiane","Moyenne","EcartType"
"Rural",2706,2,2.66149297856615,1.34863901663048
"Urbain",481,2,2.17879417879418,1.11488386972188
