"statistic","df","p"
18.3053267007959,1,1.8818025624565e-05
