"milieu","N","taux_semence_amelioree","taux_semence_certifiee","taux_engrais_inorg","taux_engrais_org","taux_pesticide","taux_herbicide"
"Rural",2886,14.8648648648649,11.018711018711,44.1125390760681,27.3358805140674,19.1733240708579,44.7724904480722
"Urbain",542,21.7712177121771,12.3616236162362,31.1567164179104,12.8731343283582,16.9776119402985,33.7686567164179
