milieu_label,rho,ic_inf,ic_sup,p_val,n
Rural,0.175,0.139,0.211,1.8236947794964058e-20,2762
Urbain,0.149,0.052,0.244,0.0028379317826148086,399
