"intrant","taux_w1","taux_w4","evolution"
"Engrais",45.592724292299,43.0143807835611,-2.57834350873794
