"zone","n","scolarises","taux"
"Rural",2315,2136,0.92267818574514
"Urbain",5515,4880,0.884859474161378
