"n","rho","ci_lower","ci_upper","p_value","biais_moyen","biais_median","pct_sous_estime"
6822,0.70206968785779,0.687117541527676,0.715191970432635,0,-0.142774663853415,-0.0263755005,58.6778070946936
