"rho","ci_lower","ci_upper","p_value","n"
0.433032441026952,0.406795232404703,0.459038383381478,1.25036568434977e-176,3869
