"W","p_value","r_effet"
7723916.5,0.365024483998828,0.0098078408942201
