"W","p_value","r_effet"
1035492056,0.0132301212857498,0.00783458722137825
