"moyenne","mediane","Q1","Q3","CV","asymetrie"
23.9790254556409,18,8,36,82.240486877666,0.995274643291016
