".y.","group1","group2","n1","n2","statistic","p","p.adj","p.adj.signif"
"niveau_num","18-30","31-45",4505,3149,-3.43047988076056,0.000602514652028048,0.00361508791216829,"**"
"niveau_num","18-30","46-60",4505,1858,-6.6937744686247,2.17486525461616e-11,1.30491915276969e-10,"****"
"niveau_num","18-30","60+",4505,833,-9.94124793152631,2.7535568988655e-23,1.6521341393193e-22,"****"
"niveau_num","31-45","46-60",3149,1858,-3.58501247807022,0.000337062089382578,0.00202237253629547,"**"
"niveau_num","31-45","60+",3149,833,-7.57803492740655,3.50827964851452e-14,2.10496778910871e-13,"****"
"niveau_num","46-60","60+",1858,833,-4.56575419412766,4.97701690120066e-06,2.9862101407204e-05,"****"
