"zone","n","n_pondere","mediane","moyenne_ponderee","q25","q75"
"Rural",2706,14744482.3087463,2,2.62176313366998,2,3
"Urbain",481,2478786.3767395,2,2.32266996737476,1,3
