"chi2","p_value","df"
225946.201099612,0.000499750124937531,NA
