"moyenne","mediane","Q1","Q3","CV","asymetrie"
23.1792989528774,17,8,35,83.2756371016677,0.995335826158067
