"mean","sd","median","Q1","Q3","min","max"
8090.36143850106,25037.3744831157,2500,980,6000,0,645000
