"mean","sd","median","Q1","Q3","min","max"
2050.24697336562,6854.81266508945,600,250,1500,0,159500
