"milieu","n","mean","median","sd","Q1","Q3","min","max"
"Rural",1474,1916.77069199457,600,6728.58791538213,250,1300,0,159500
"Urbain",591,2383.14720812183,700,7154.94020941663,300,1500,0,79400
