"age_group","n","n_cases","prop","ic_low","ic_high"
"0-14 ans",11517,1366,0.118607276200399,0.112755811712578,0.124652272969033
"15-30 ans",7272,522,0.0717821782178218,0.0659532554519822,0.0779571083644132
"31-45 ans",3868,433,0.111944157187177,0.102174486862808,0.122304301182321
"46-60 ans",2688,453,0.168526785714286,0.154556406930738,0.183222963963732
"61 ans et plus",1777,535,0.30106921778278,0.279802513675322,0.322994670749262
