"sexe","n","n_cases","prop","ic_low","ic_high"
"Homme",13470,1554,0.115367483296214,0.110018918538085,0.120882826319909
"Femme",13656,1755,0.128514938488576,0.122944930848509,0.134243755794167
