"type","n","prop","prop_label"
"Blessure",198,0.0598368087035358,"6.0%"
"Maladie",3111,0.940163191296464,"94.0%"
